cod_upz;nom_upz;Women [%];Children [%];Teenagers [%];Older People [%];Victim population [%];SES 1 and 2 [% residential area];Mean slope [%];Sidewalk density [%];Cycleway density [%];Street density [%];Accidents with fatalities [1/ha];Accidents with injuries [1/ha];Pollution [PM2.5];Car share;PT share;Bike share;Walking share;Motorcycle share;Commuting Time;Access to Schools;Access to Health;Access to Administration;Access to Culture;Access to UGS;Access to PT;Access to Bike Sharing
1;PASEO DE LOS LIBERTADORES;51,26394052;12,78810409;13,34572491;12,93680297;2,82527881;19,26613996;1,851598669;0,33;0,09;2,28;0,05;1,24;14,520;18,81;26,43;10,95;30,24;5,24;49,42;29,44917837;5,849309003;0;0;76,45379615;46,4239325;0
2;LA ACADEMIA;51,34980989;14,4486692;17,98479087;9,258555133;0,323193916;33,51076808;1,24843814;0,13;0,00;2,09;0,02;0,29;15,739;37,11;17,61;8,18;8,81;6,29;52,49;71,73342977;9,175193196;0;0;66,71444097;41,31671847;0
3;GUAYMARAL;51,63447251;9,101040119;18,64784547;14,04160475;0,222882615;0;1,025678692;0,19;0,00;2,62;0,01;0,18;14,520;65,93;3,30;12,09;2,20;9,89;52,80;24,28222204;0;0;0;62,7590865;10,58674094;0
9;VERBENAL;52,77388465;13,54328442;13,19025144;11,61448193;1,221978954;24,42075431;2,274028315;6,29;0,35;11,45;0,16;4,75;15,965;12,54;21,94;10,50;40,75;4,39;44,27;99,99997738;95,38616329;0;3,872946715;100;99,53588179;0
10;LA URIBE;54,33619711;11,54428054;11,63883936;15,62381801;0,391743665;18,35050627;2,3269751;3,45;0,41;6,09;0,09;3,12;15,965;19,91;31,48;8,02;24,69;4,48;51,97;94,55092674;58,75356327;0;40,16382124;95,24834558;80,5855351;0
11;SAN CRISTOBAL NORTE;52,64810321;13,04651832;12,96014478;14,38325176;1,195519544;40,92118634;3,600099927;6,18;0,07;10,34;0,16;4,80;15,847;12,65;25,30;7,16;39,38;4,06;47,72;98,59040381;84,5713625;38,25309991;59,8215865;99,44848685;94,21798242;0
12;TOBERIN;54,15424621;9,735523562;10,75188685;19,75486776;0,569226866;0,714535515;1,941879729;8,62;0,57;13,54;0,13;6,14;14,848;16,11;30,56;7,97;30,23;5,98;53,85;100;93,38002392;63,74149276;27,26384206;100;100;0
13;LOS CEDROS;55,76152267;7,64523275;7,169582065;26,53493662;0,283760456;0,655461467;2,944778714;7,59;0,27;12,31;0,10;4,57;12,274;23,59;31,21;5,79;23,59;5,65;54,21;95,53623184;91,18270459;27,90461503;42,40786979;98,08466735;93,40087588;0
14;USAQUEN;52,56024096;9,420759963;10,36839666;21,60333642;0,892029657;3,393498381;4,041398407;6,15;0,21;10,40;0,12;4,12;12,902;38,54;26,65;4,01;8,88;9,74;60,20;79,57485114;65,33750497;59,83188099;52,82754225;88,32282094;71,47126759;52,34571026
15;COUNTRY CLUB;55,30848132;8,41625842;9,219993876;29,93723209;0,252602572;0;2,969596202;4,57;0,23;8,37;0,07;2,60;12,274;39,78;18,20;4,04;17,75;6,52;50,04;84,57912968;81,42491892;29,23274854;55,14429646;96,2238807;82,08784871;33,25771207
16;SANTA BARBARA;55,01445378;8,088739496;6,24;27,72840336;0,243361345;0;2,684395686;9,88;0,53;15,11;0,15;6,31;12,865;33,26;27,41;2,75;17,20;7,00;59,52;92,61042268;100;95,03510121;85,08244347;100;100;100
17;SAN JOSE DE BAVARIA;53,5442139;7,773661683;10,64319853;21,78544694;0,491372195;0;1,407420045;6,69;0,27;10,01;0,05;2,26;15,739;29,64;25,08;3,42;26,71;4,23;49,16;98,26562913;64,3822328;0;16,09930981;86,86188171;66,42059735;0
18;BRITALIA;53,66988461;10,07399209;10,09243887;17,16985386;0,322818668;0,518031448;2,279660242;6,45;0,24;11,10;0,10;3,76;14,622;22,76;20,88;8,14;34,86;5,01;42,39;100;98,30855926;10,10400369;21,37060063;100;99,8751456;0
19;EL PRADO;54,1563786;8,295922185;9,315375982;22,56921062;0,456416012;0,68603993;2,142974036;8,42;0,29;13,43;0,10;5,03;14,848;19,06;27,13;6,73;30,04;6,73;46,71;99,49770901;98,56314748;19,08215355;8,873450834;100;99,68633031;1,358998865
20;LA ALHAMBRA;54,86434954;6,420711677;5,844111093;29,67999816;0,243504629;0;2,102469392;10,49;0,55;16,26;0,12;4,51;14,000;25,79;34,25;3,81;17,76;4,23;56,70;95,31067209;99,62958407;49,38310553;16,1928241;100;100;14,39610529
21;LOS ANDES;53,43199392;8,125237673;8,540372671;21,44441628;0,80808721;0;1,683116912;8,45;0,52;14,88;0,17;6,12;16,581;18,80;32,36;5,01;27,11;4,40;51,67;99,50695804;88,7887452;48,73249652;96,54913637;100;94,93989786;51,55078236
22;DOCE DE OCTUBRE;49,94052811;11,34195015;9,848544921;17,70279914;1,095604367;0;1,669781658;11,71;0,31;18,72;0,30;8,10;16,595;10,32;26,82;7,43;40,17;4,40;42,33;100;100;67,6080808;32,33448853;100;99,72773236;24,09282498
23;CASA BLANCA SUBA;53,66900734;10,02393872;11,77944462;18,28598787;0,223428024;3,646213971;2,999119624;4,01;0,35;7,14;0,10;3,22;14,622;32,99;22,86;2,34;21,04;8,83;45,44;98,63843614;48,88163352;0,009019678;13,26542164;98,47664425;89,72138415;0
24;NIZA;54,20710449;7,782907755;9,629699425;26,58885329;0,53707717;0,279549947;2,675532359;6,38;0,32;10,21;0,12;4,45;14,622;26,92;17,56;5,79;36,63;3,83;41,71;93,88955279;71,7569188;36,59423361;0;99,47949928;87,81915379;0
25;LA FLORESTA;54,59467589;9,163569173;8,860623509;23,35045012;0,459789872;0,000959887;1,976229267;6,37;0,27;9,45;0,08;3,13;15,739;30,60;17,04;1,64;31,21;3,49;47,83;86,69653042;67,56525491;22,86354278;20,91534958;91,59780803;78,08259553;0
26;LAS FERIAS;52,32329843;8,698238934;10,89858004;19,66523878;1,234531176;0;1,562964502;10,30;0,26;16,64;0,36;9,82;15,858;13,96;27,60;7,47;31,98;7,47;48,39;100;99,70987185;55,3661509;36,22679208;100;99,99206215;0
27;SUBA;53,11308427;10,97692901;12,4105651;14,17516387;0,953793753;21,78587461;2,453955497;5,40;0,15;9,55;0,12;4,89;16,001;27,11;25,15;3,54;19,06;8,45;48,17;97,46790115;82,97810641;22,32010868;0,001814487;97,16827468;91,37641507;0
28;EL RINCON;52,00120546;12,59371127;12,80873081;14,24377459;2,434630674;60,4611605;1,736347823;8,45;0,38;12,81;0,31;8,86;15,916;6,77;28,91;8,59;37,76;5,73;44,36;96,79147223;84,95114287;23,51364557;0,036568776;97,90283641;93,78208644;0
29;EL MINUTO DE DIOS;52,82030402;9,159428158;11,22240318;20,93557727;1,397937025;19,44277951;1,364999197;8,75;0,47;13,33;0,28;9,01;16,385;4,90;30,61;8,02;44,58;4,75;46,24;99,71421984;97,84198699;7,60338185;44,83278475;99,81276567;99,2240296;0
30;BOYACA REAL;52,37103592;9,344533358;11,40359087;18,03703184;2,01850032;0;1,46845459;9,83;0,30;16,25;0,32;11,74;16,401;10,12;30,02;6,69;38,59;7,55;46,51;100;100;61,32359734;15,25115329;100;100;0
31;SANTA CECILIA;53,05713777;7,794885487;10,02135991;22,26326095;1,744393022;0;1,530047059;10,11;0,36;16,46;0,29;9,16;16,581;18,82;27,53;7,67;32,23;4,53;47,27;100;99,99782897;49,58476239;0,561561524;100;100;0
32;SAN BLAS;52,07722757;14,92692117;14,24085563;13,12849694;2,760438473;99,68138041;3,483836391;6,39;0,00;10,20;0,11;4,03;13,806;4,74;34,82;2,23;43,45;6,69;52,50;93,28441956;64,35960286;0;16,06013778;95,60800544;91,2306738;0
33;SOSIEGO;51,65895928;11,75189692;11,88883401;16,65693889;5,059938042;18,95066919;1,892381751;8,36;0,49;14,01;0,30;9,57;13,806;11,39;32,05;2,51;36,68;5,79;44,75;100;95,31737305;37,83594524;87,4652623;100;100;0
34;20 DE JULIO;51,85194324;13,20296114;12,45897594;15,98642813;3,18815546;65,37087838;2,305258492;10,39;0,11;18,43;0,35;13,43;12,212;7,41;39,87;1,53;40,31;6,10;49,10;100;99,7477898;29,35158327;83,0098111;100;100;0
35;CIUDAD JARDIN;53,730956;13,62271565;11,39118508;17,01078697;3,847722134;12,09297062;1,570148745;10,78;0,40;19,05;0,41;11,84;9,766;6,08;31,93;2,87;48,48;4,56;41,30;100;100;74,44111237;77,99997858;100;100;0
36;SAN JOSE;52,97962009;11,41559949;12,25034102;17,83496549;1,805892054;1,757482854;2,236150822;9,47;0,31;13,51;0,26;10,00;11,681;3,45;38,51;3,07;43,30;5,56;46,88;100;95,94575106;36,45084564;32,97219593;100;100;0
37;SANTA ISABEL;59,09256228;11,40889253;10,54964539;14,49354428;10,30414621;0;1,494255679;13,08;0,12;21,93;0,38;14,71;13,421;16,72;35,05;5,14;26,69;9,65;52,57;100;100;0,528586687;28,89242122;100;100;0
38;RESTREPO;53,50495189;13,34902016;11,64395589;17,14546604;2,68314954;0;1,536975508;11,71;0,21;18,11;0,37;12,67;16,169;9,01;42,40;6,01;27,74;6,71;52,52;100;100;49,06635897;81,08873696;100;100;0
39;QUIROGA;52,15155152;12,19676839;11,98461341;18,49605692;2,796588376;0;1,416057839;11,03;0,04;17,96;0,36;12,42;16,258;6,69;42,72;4,23;35,09;4,46;49,36;100;100;57,7548135;38,64469546;100;100;0
40;CIUDAD MONTES;52,34059023;9,829704886;10,98403483;19,46686018;1,133043058;0;1,515831283;10,80;0,21;16,87;0,29;9,00;17,155;12,05;40,30;4,90;26,93;7,72;49,23;100;99,86150545;0,754762083;38,7235465;100;100;0
41;MUZU;52,10645602;9,9573376;10,89557711;19,5447122;1,483185015;0;1,398323893;12,08;0,18;18,63;0,24;10,22;18,906;10,44;33,46;7,74;33,66;6,58;46,42;100;100;20,9949238;34,02919277;100;100;0
42;VENECIA;50,53236963;14,00623159;12,15088634;15,03776398;2,378176731;46,60390526;1,338527755;7,36;0,67;11,87;0,32;9,50;21,568;8,73;44,18;5,32;27,51;6,33;54,89;98,60823427;75,49731091;26,62976507;0,825141426;99,80847882;94,47109463;0
43;SAN RAFAEL;51,8261549;10,5365972;10,87340186;19,00925539;1,568162528;0;1,342225348;10,29;0,19;17,81;0,27;11,02;17,315;9,72;32,11;8,69;34,17;8,10;48,04;100;99,67031754;16,50883702;4,560321914;100;100;0
44;AMERICAS;52,25184996;8,882367951;11,45700434;19,28425619;1,972441949;11,00985054;1,638696663;10,97;0,47;17,06;0,50;12,40;18,415;14,75;30,63;7,66;32,43;6,19;48,17;100;99,98456685;49,91799423;7,791591236;100;100;0
45;CARVAJAL;51,27314034;9,938817284;12,13869582;18,2828351;2,788087365;22,2273464;1,460744777;11,02;0,26;17,30;0,55;12,31;24,660;6,46;27,20;11,13;42,86;7,28;45,48;100;99,23519338;54,46571583;20,70605189;100;100;0
46;CASTILLA;52,00358831;9,913047164;11,68106462;14,93879396;0,73178829;19,88250766;1,739831649;8,24;0,27;15,04;0,28;8,91;18,672;14,71;23,90;8,06;36,63;8,06;46,88;99,84328296;92,72049567;10,06858563;0;100;99,99862544;0
47;KENNEDY CENTRAL;52,2351777;9,047199036;11,58140435;21,73220893;1,673694174;0;1,516151294;9,63;0,56;15,71;0,47;16,19;21,830;6,19;28,09;9,28;42,20;5,07;47,22;100;100;65,9300527;0;100;100;0
48;TIMIZA;51,62647968;10,2987675;12,77881741;17,10797072;1,785291777;24,68785528;1,723170213;9,45;0,45;13,22;0,21;6,83;25,207;4,18;23,23;7,50;52,09;6,49;41,49;99,55789539;94,66848445;6,089462813;0;99,94034945;96,76265901;0
49;APOGEO;52,02843418;10,92938661;11,82350818;18,58495543;2,110349041;48,8066258;1,696220525;6,33;0,52;13,27;0,29;5,99;25,207;8,65;31,99;5,33;42,07;5,62;45,10;96,48435986;86,37303638;10,60169661;0;98,54578421;89,37178095;0
50;LA GLORIA;51,77985175;15,147323;14,34515083;13,77010592;3,541120357;100;3,424332039;7,30;0,00;11,00;0,18;4,74;12,143;2,84;39,39;1,53;37,64;10,50;52,14;93,44914444;73,98821197;0;35,15728547;95,31290973;90,88827209;0
51;LOS LIBERTADORES;51,72925277;16,12109841;14,90022566;12,38748447;2,271862877;100;3,460895376;4,82;0,00;9,17;0,09;2,15;15,275;5,38;41,67;1,34;36,83;7,80;55,47;94,70639048;54,82783269;0;40,05695226;98,67310283;91,61966991;0
52;LA FLORA;49,70969183;18,22738326;16,55004714;11,47833854;3,558136073;100;2,9754013;4,11;0,00;9,01;0,04;0,93;14,204;2,21;42,28;0,68;45,67;6,11;58,54;32,80055383;24,30733574;0;0;77,47481287;66,93352572;0
53;MARCO FIDEL SUAREZ;52,7564843;15,13598656;13,93258427;14,04179355;5,977108054;69,5840105;3,087007224;8,26;0,00;14,64;0,28;7,76;16,455;2,87;37,73;3,15;46,23;5,06;40,14;100;99,02727058;34,22432446;0;100;100;0
54;MARRUECOS;47,37457854;13,96514604;13,24856806;11,7942885;2,107486696;93,62311352;2,72103771;5,56;0,00;9,82;0,19;4,56;15,683;3,47;29,43;1,54;56,94;5,78;40,05;99,8861831;82,65927566;11,86345965;0;99,99713594;94,41016616;0
55;DIANA TURBAY;52,12700248;16,31818958;14,89361702;13,46115937;4,126529379;100;2,95850106;9,90;0,04;13,55;0,20;4,97;15,965;5,18;27,83;3,24;50,81;8,09;41,86;100;97,28244791;0;0;100;100;0
56;DANUBIO;51,01036004;16,9692618;15,3007146;8,659007761;2,675488084;100;3,512500547;4,04;0,00;7,26;0,12;2,95;16,030;3,47;33,66;1,82;51,49;5,94;46,97;97,81813106;39,52389875;35,63704109;0;100;94,59993378;0
57;GRAN YOMASA;50,72463768;15,13555337;14,49572955;13,83061036;2,69618784;100;2,890717531;6,73;0,06;9,96;0,29;6,03;14,811;3,69;35,55;1,33;51,77;4,42;50,13;93,75115418;66,9918974;30,65228107;10,67813248;96,66204383;81,97388106;0
58;COMUNEROS;50,39715822;15,79949677;14,95485717;12,48014209;3,850214613;100;2,536418247;5,18;0,12;10,30;0,17;3,54;14,448;3,58;39,81;1,38;50,41;2,07;50,49;84,63242253;44,99961683;2,645266031;40,88889922;85,55695813;78,25513149;0
59;ALFONSO LOPEZ;49,91259717;17,372708;15,26202254;10,8100569;3,946144977;100;2,731004201;7,06;0,08;13,70;0,13;2,66;14,742;2,53;33,33;0,42;56,12;5,06;46,18;98,49326222;31,37389426;0;13,78875362;98,89563603;94,71883097;0
60;PARQUE ENTRENUBES;47,64756202;21,21471343;20,44482464;7,52780154;8,383233533;100;6,16856126;0,00;0,00;0,70;0,00;0,04;14,704;2,37;34,78;0,79;53,75;3,95;58,30;36,10164034;4,46032484;0;0;46,56659677;16,16415268;0
61;CIUDAD USME;50,88470522;17,1137377;16,50152169;9,926392526;3,609597282;100;3,003311186;0,53;0,03;2,48;0,02;0,29;14,742;3,05;36,45;0,95;49,43;4,77;50,59;30,80033445;8,45830618;0;0,032693407;33,85664086;28,50869793;0
62;TUNJUELITO;49,44935517;15,62333961;12,97155002;14,58484278;3,477756847;94,87092731;1,255178291;4,30;0,11;8,00;0,24;6,29;15,189;2,61;25,57;7,13;56,87;4,35;34,76;63,28611677;50,54668285;30,866338;8,698724441;63,6385601;55,14093088;0
63;EL MOCHUELO;50;13,33333333;20;10;100;100;2,675373882;0,29;0,00;1,66;0,08;0,89;15,850;0,00;0,00;100,00;0,00;0,00;20,00;18,56446394;2,512500896;0;1,510861852;40,10953834;35,00630883;0
64;MONTE BLANCO;48,63878327;19,51330798;17,32319392;9,885931559;17,26235741;100;3,941497586;0,06;0,03;1,41;0,01;0,08;14,698;3,29;41,42;2,43;31,20;10,75;59,90;9,726670355;3,692882923;0;0;15,55032471;11,13154554;0
65;ARBORIZADORA;51,42216717;13,10800448;12,78357813;12,60543857;1,439273285;36,22867271;1,724991682;7,01;0,52;11,32;0,31;7,72;22,970;3,67;45,35;3,42;34,84;6,48;53,72;98,66849936;85,38290399;35,26577816;33,80627872;99,99050481;96,35461304;0
66;SAN FRANCISCO;50,28935426;14,65784032;14,02778356;14,14019457;3,823362061;100;2,118288752;10,26;0,30;16,61;0,50;14,85;18,931;3,63;31,89;4,10;48,53;6,33;44,07;100;97,25044009;0,797950859;4,633200841;100;100;0
67;LUCERO;49,58554417;17,74152138;15,96633005;11,66650366;6,206445461;100;3,700777058;5,82;0,04;12,46;0,28;6,68;15,969;2,79;37,36;1,88;48,93;5,07;47,72;94,68681603;71,12512051;0;15,10217527;96,42282088;92,69612784;0
68;EL TESORO;49,4509739;18,18315584;16,46526513;9,691184315;8,287811069;100;3,475424344;5,52;0,00;11,58;0,21;4,07;13,385;3,15;39,16;1,28;45,69;6,29;47,78;97,61165679;54,71750581;0;0;100;98,90234861;0
69;ISMAEL PERDOMO;50,30671901;15,23751215;14,78853795;10,70275267;5,872078366;87,19744254;3,371895433;6,76;0,01;11,88;0,21;5,24;22,223;7,12;31,53;4,24;41,36;8,81;46,49;99,36153006;74,34849323;30,47192746;8,216370188;99,97938499;99,38222719;0
70;JERUSALEM;50,21023296;16,80601276;15,51451239;11,32344801;6,488575562;100;4,077207572;3,64;0,00;7,60;0,09;2,59;19,624;4,00;34,67;3,20;44,28;8,92;48,72;57,62349101;38,12573852;7,145789021;1,290328515;65,73681174;55,34788786;0
71;TIBABUYES;51,56534502;13,72933604;14,32134603;10,44042797;3,237258382;81,9326261;1,388802029;6,25;0,15;8,75;0,10;3,80;14,998;3,66;27,69;13,96;30,21;9,38;49,17;79,7874845;62,43180637;7,63038979;0;84,41151172;76,38969746;0
72;BOLIVIA;54,39809012;7,312444047;10,51148911;19,82333632;0,36168308;0;1,501673061;5,44;0,57;9,07;0,17;4,86;14,702;9,79;34,79;3,67;36,54;8,04;50,74;80,04598366;55,56402509;0;0;95,80701589;84,67450321;0
73;GARCES NAVAS;52,71764587;9,575647616;11,3271314;16,74167097;0,690751051;17,68746172;1,564224299;8,23;0,37;12,36;0,13;5,59;14,955;12,48;41,44;5,76;26,72;7,52;57,22;82,54799589;70,9234251;0;0;87,65361233;85,97689303;0
74;ENGATIVA;51,4816425;12,23108855;13,86489215;10,91212521;1,836451351;97,49035787;1,074250556;5,66;0,21;8,09;0,13;4,11;14,955;7,92;40,00;9,17;30,00;6,25;59,32;63,51617845;52,42323769;28,47459247;0;64,34114102;58,45224187;0
75;FONTIBON;52,96968914;10,79371234;11,70354094;17,42820828;1,225073066;1,259895736;1,481607765;10,22;0,20;14,15;0,35;9,40;16,521;11,73;32,98;9,29;26,83;8,94;55,40;100;99,29877686;55,83957049;11,22607001;100;100;0
76;FONTIBON SAN PABLO;51,55800916;13,72186335;12,85962266;12,56367206;2,188327025;69,30926611;1,468956141;4,21;0,01;6,69;0,24;3,53;15,377;7,32;30,56;11,62;39,39;4,80;49,23;79,12661763;33,45718057;0;0;82,27253853;80,20206178;0
77;ZONA FRANCA;53,80419837;11,86634889;13,90747701;9,857304366;1,329177743;83,28751713;1,416926857;3,16;0,32;4,43;0,12;1,85;17,026;4,62;36,42;9,39;32,51;9,39;61,00;43,07115257;32,93258103;0,037212811;0;88,53847979;73,6910516;0
78;TINTAL NORTE;52,93924574;11,72744281;13,90685003;9,603833656;0,48905373;94,08224262;1,074931417;2,17;0,28;4,88;0,13;2,28;19,236;10,13;35,32;10,91;29,35;6,49;56,09;34,98054298;30,43756879;0;0;76,19356324;48,42210638;0
79;CALANDAIMA;52,17805568;11,41208873;14,84740211;9,437248772;1,334673217;80,99823925;1,577046012;7,56;0,78;9,80;0,10;5,24;19,496;8,21;27,86;8,06;38,86;6,74;47,90;78,43044091;70,74197905;0;0;91,02743973;89,44630185;0
80;CORABASTOS;49,60607465;14,26508859;15,17236462;9,299133721;8,423942105;96,87042772;1,447274954;9,82;0,15;15,10;0,52;15,18;19,560;7,72;21,14;11,40;47,46;5,09;42,21;100;90,03936138;0,07340366;0;100;98,65937317;0
81;GRAN BRITALIA;50,74429907;12,14696085;13,58728013;14,43216016;3,905759668;98,96764208;1,476632837;11,48;0,01;14,98;0,34;10,84;20,807;6,60;22,64;8,68;49,43;5,85;46,13;100;99,48427036;2,472279226;0;100;99,96571011;0
82;PATIO BONITO;49,86572407;13,51614214;14,68615724;10,90247939;5,922657067;100;1,425704198;13,90;0,76;18,72;0,26;11,56;20,051;4,60;20,76;12,07;52,66;3,58;42,14;98,38624793;88,99347497;0;0;99,66382517;99,50738366;0
83;LAS MARGARITAS;51,92139465;11,1472132;17,08322919;9,088352912;4,667583104;100;0,916817019;4,50;0,98;8,47;0,08;4,93;20,051;3,42;30,74;9,84;40,44;9,02;45,50;97,44307269;71,21152033;0;0;100;94,4928131;0
84;BOSA OCCIDENTAL;51,13685953;14,49201214;14,46542773;10,37243247;4,672334663;100;1,526232464;11,93;0,33;16,75;0,38;11,64;19,725;5,35;21,66;9,94;54,01;3,95;42,53;100;96,6323675;4,837745641;0;100;100;0
85;BOSA CENTRAL;51,80864658;13,42873169;13,9554892;13,77582651;3,442691398;100;1,330500248;8,31;0,30;13,64;0,28;9,63;20,303;6,01;27,06;10,36;42,65;6,01;46,89;98,38057245;78,20388583;42,72524659;0;99,69549049;97,88748407;0
86;EL PORVENIR;52,12996842;14,37972148;15,79251242;8,61099904;4,460273515;100;0,987349125;6,28;0,49;7,62;0,14;3,75;19,125;3,14;24,11;11,32;48,43;6,92;44,18;67,84108708;45,89179069;0;0;72,29043974;62,80326188;0
87;TINTAL SUR;52,94185002;14,41154192;16,26385048;7,646167668;2,122712139;100;1,182862348;2,91;0,22;4,39;0,05;1,99;18,472;5,34;29,21;10,11;44,66;4,21;53,91;50,9212918;28,25857007;0;0;58,87656573;45,50383724;0
88;EL REFUGIO;54,77938522;10,39645668;7,669162073;24,75025877;2,137544231;0,109952562;4,893084977;8,19;0,43;12,19;0,13;7,01;19,670;43,95;13,24;3,09;24,89;5,47;41,85;71,30740631;70,10192828;66,63793133;85,80978379;96,85059254;84,22497217;66,27686144
89;SAN ISIDRO-PATIOS;50,14855093;16,74421212;13,57138853;11,03761422;1,799428219;93,06876025;5,686695599;0,84;0,00;7,05;0,04;1,01;14,263;;;;;;;73,73458409;52,70470329;0;54,10168148;0;82,36224033;0
90;PARDO RUBIO;50,78757709;10,47626124;8,039230255;12,87056988;2,895831785;33,29914706;4,79142173;6,00;0,05;11,68;0,17;5,31;17,445;16,29;28,31;4,07;32,79;8,55;52,31;92,42942916;69,0417837;58,15298271;76,31555775;92,77126378;85,66078729;39,74099841
91;SAGRADO CORAZON;50,564595;9,202453988;6,357250822;14,17266827;2,871876945;0;4,973123028;8,29;0,54;14,41;0,23;10,77;13,526;16,59;30,90;5,63;32,42;7,15;47,62;93,81534212;82,78881532;80,41280099;93,66635405;100;87,25217894;72,82100168
92;LA MACARENA;51,64449523;9,613972088;11,04219375;17,31004652;4,252019913;47,80034164;4,190984237;8,04;0,01;14,24;0,24;5,55;13,526;13,59;28,97;1,28;42,82;3,59;39,22;99,71792615;69,64470557;70,33693605;100;100;97,00248702;56,3057201
93;LAS NIEVES;48,6426786;10,10288903;9,114689298;14,53816195;9,23094809;24,17797924;3,395457721;11,91;0,61;16,88;0,97;23,56;8,598;10,83;48,13;3,00;26,34;6,36;59,82;100;100;94,0396377;100;100;100;86,86174114
94;LA CANDELARIA;49,14987235;6,963985007;13,87364876;17,86082894;6,366451192;55,82138851;2,724122933;8,69;0,38;10,70;0,24;7,56;3,670;9,84;32,33;1,97;45,45;4,31;46,69;99,98130308;99,03598893;70,6077268;100;100;100;90,34175564
95;LAS CRUCES;49,98556721;15,3180025;12,59501588;13,23968055;7,947657077;99,99872034;1,656289529;9,28;0,43;15,35;0,61;14,61;13,806;6,36;23,26;3,98;57,26;3,58;40,62;100;99,26509273;0;80,86302273;100;100;4,305931066
96;LOURDES;51,75395805;16,71471019;14,03831656;12,16461927;9,661182314;100;4,248446424;5,24;0,00;10,22;0,08;3,06;8,738;3,20;28,00;3,20;56,27;6,13;43,29;99,2688235;46,41442818;1,388196524;86,59695148;99,999316;99,74749369;2,741195968
97;CHICO LAGO;52,83101948;9,89432242;5,967675093;22,06796519;1,020513883;0;3,275912819;11,60;0,52;16,71;0,16;9,00;18,285;27,09;38,35;3,17;13,90;6,76;63,35;81,12191979;100;99,94275443;99,21393339;100;100;100
98;LOS ALCAZARES;49,43148753;9,957921124;9,01786114;19,44133578;3,603563275;0;1,591716518;13,49;0,64;21,13;0,30;13,89;18,285;16,14;33,49;6,77;28,66;6,59;52,86;100;100;84,9633088;85,21682525;100;100;100
99;CHAPINERO;49,9716885;5,571703597;5,541504662;14,59363557;2,385715904;0,431162901;3,257370115;10,18;0,77;17,22;0,44;18,35;17,445;17,11;48,76;2,47;17,87;5,91;62,72;97,31895832;95,89361247;79,48289891;98,62619276;100;96,73681529;93,77548323
100;GALERIAS;57,40013012;7,502927781;6,956408588;19,14638907;2,068965517;0;1,996563569;12,50;0,73;19,54;0,29;13,40;18,285;16,01;35,83;5,18;25,92;5,88;54,29;100;100;96,29606538;100;100;100;100
101;TEUSAQUILLO;56,89899934;6,87995568;6,45407015;19,81579585;3,05737336;0;2,008428056;13,12;0,91;21,83;0,34;13,72;15,718;14,46;44,32;2,87;17,08;7,41;57,67;100;100;87,7119712;100;100;100;100
102;LA SABANA;57,62301832;11,90549722;11,53747169;12,93751287;9,303582458;11,59697056;1,792514551;10,60;0,27;19,18;0,57;13,98;12,933;12,97;47,67;5,06;19,13;8,95;60,67;100;100;75,50037115;99,99895869;100;100;17,97634629
103;PARQUE EL SALITRE;45,63106796;11,3037448;8,807212205;17,89181692;3,74479889;0;1,564388735;3,31;0,74;5,87;0,11;4,02;16,030;13,76;22,48;11,01;38,07;5,81;38,17;72,57443353;42,74841498;12,51743743;65,07661518;100;85,60084475;15,47443749
104;PARQUE SIMON BOLIVAR-CAN;51,79055071;6,078844418;7,10201625;23,53295215;7,794161902;0;1,646439211;3,82;0,72;7,53;0,09;3,01;15,833;21,76;28,29;5,35;28,01;6,80;47,73;58,58354065;60,04946501;2,025361057;58,64077944;94,12037959;81,57246215;6,009731797
105;JARDIN BOTANICO;42,31034483;8,896551724;20,55172414;8,965517241;3,827586207;1,117385182;1,898172435;2,96;0,68;6,03;0,09;2,15;16,224;11,79;22,47;7,37;37,20;8,10;39,75;79,592248;76,99409469;22,56674596;55,96275363;99,03761418;82,24140814;0
106;LA ESMERALDA;59,11743253;8,339411622;8,001458789;25,27595429;0,877704838;0;2,093974791;9,34;0,45;15,82;0,19;6,58;15,858;28,96;25,07;5,37;21,49;7,76;48,16;100;97,68587038;10,87629561;37,81864545;100;100;20,96519086
107;QUINTA PAREDES;58,89856876;7,484615916;7,21150522;21,12977944;0,477079444;0;2,40377906;10,37;0,26;18,73;0,32;9,53;15,826;19,22;29,09;5,95;29,91;6,22;44,45;100;100;12,61858088;81,79805046;100;100;23,53821931
108;ZONA INDUSTRIAL;49,24992499;13,26132613;14,55145515;12,60126013;12,12121212;6,119846826;1,6404873;10,38;0,33;18,81;0,43;11,52;15,833;7,72;34,55;5,59;41,16;7,93;45,33;97,67358915;93,56047945;82,9849492;64,92682013;100;100;3,329343405
109;CIUDAD SALITRE ORIENTAL;59,09567649;9,750223362;9,688070543;16,55984151;0,27191858;0;2,686682887;8,00;0,76;14,55;0,13;6,29;16,853;27,68;18,42;2,44;34,41;3,02;39,06;43,70174154;98,520912;0,221762288;96,75524438;100;97,73525516;0
110;CIUDAD SALITRE OCCIDENTAL;53,32847529;7,713575378;9,764670582;20,84529984;0,180033435;0;2,506673414;9,64;0,42;15,07;0,22;7,26;18,199;24,79;20,73;3,13;34,58;2,92;43,09;68,05671538;92,46213156;44,34624294;61,77230626;100;97,20622566;0
111;PUENTE ARANDA;20,21310687;4,959141163;8,604390322;8,86877103;2,042941836;0,221464322;1,622674556;6,74;0,13;13,58;0,34;10,48;17,955;8,28;34,02;5,40;37,35;6,75;46,61;87,25245098;95,1725371;63,24600271;7,219249755;97,97222184;94,94014633;0
112;GRANJAS DE TECHO;54,3119818;10,79358514;10,49277106;13,86376882;0,735114403;6,839044666;1,732027035;6,35;0,16;11,91;0,28;6,08;16,911;14,34;35,76;5,86;23,64;10,91;60,22;47,08451922;83,63911991;1,076546992;0,293616996;100;99,16311196;0
113;BAVARIA;52,8671567;9,409531227;10,2979117;17,13722436;0,255561505;0;2,242112694;6,59;0,35;11,69;0,28;7,80;17,743;16,52;33,63;3,45;30,48;4,50;52,44;84,59323001;82,58014511;18,18115076;0;100;92,3945606;0
114;MODELIA;54,43979544;8,025060326;9,572513338;23,01033849;0,546811007;0;1,664924786;8,77;0,14;12,84;0,16;5,51;18,189;17,23;36,29;6,27;25,85;5,22;55,10;99,68764959;92,77446436;29,50375034;0;100;100;0
115;CAPELLANIA;53,5001892;9,276177091;10,80058382;16,08735607;0,63246662;0;1,487759645;6,03;0,30;12,86;0,20;6,46;18,346;17,11;38,78;4,56;18,25;6,46;62,35;92,70953206;90,88221302;6,722400254;62,91306118;100;99,71408937;0
116;ALAMOS;53,00157324;8,760453755;11,95661174;13,72857498;7,120973752;1,349780518;1,692026772;6,06;0,64;12,30;0,22;8,38;17,919;13,57;42,08;8,14;19,00;12,22;62,20;69,03935146;83,3751733;4,82020901;31,28498722;100;100;0
117;AEROPUERTO EL DORADO;32,84258211;5,775764439;24,23556059;7,587768969;40,54360136;6,016012726;0,781156894;0,66;0,08;1,91;0,03;0,85;16,200;33,90;35,59;4,24;3,39;11,86;71,27;5,367174466;10,79030131;0,183585849;5,445575332;18,45516383;17,69556083;0
;;;;;;;;;;;;;;;;;;;;;;;;;;;